x_data,y_data
0,3.413212768
2,27.94776075
4,50.26154122
6,75.88373864
8,99.8584064
10,122.6801038
12,147.5394482
14,171.2534167
16,195.2685396
18,218.7999221
20,242.976128
22,266.4973241
24,290.3223099
26,315.7669681
28,339.2364779
30,363.2434988
32,386.1078737
34,411.3507027
36,434.3162785
38,459.8381822
